recipe_id,step_number,direction
10038,0,"Cream butter, slowly add cornstarch and 1/3 cup confectioners' sugar; beat til fluffy."
10038,1,Stir in flour with wooden spoon (very soft dough).
10038,2,Cover and chill 1 hour.
10038,3,Preheat oven to 350 degrees F (180 degrees C).
10038,4,"Roll dough into 24, 1 inch balls."
10038,5,Place 1 and 1/2 inches apart on ungreased sheet.
10038,6,Press slight indentation on top of each cookie.
10038,7,"Bake  for 10-12 minutes until firm, not brown."
10038,8,"Cool, top with icing."
10038,9,To Make Icing:   Blend cream cheese and  1 cup powdered sugar til smooth.
10038,10,Mix in vanilla or 1/4 t. of another extract and a few drops of food coloring.
10038,11,Mix well.
10091,0,Preheat oven to 350 degrees F (180 degrees C).
10091,1,"Mix together sugar, shortening or margarine, vanilla extract and almond extract  Cream these together until light."
10091,2,Add eggs and beat well.
10091,3,"Combine flour, baking soda, baking powder and salt  ( use 1/2 teas."
10091,4,if using margarine).
10091,5,"Add to sugar mixture alternately with milk, ending with flour mixture."
10091,6,Dough will be quite stiff and may require mixing the last bit of flour in by hand.
10091,7,Roll out portions of dough on floured board and cut with your favorite cookie cutters.
10091,8,Place on greased cookie sheets and bake for 10  to  12  minutes .
10091,9,Test for doneness by touching lightly with your finger.
10091,10,"If there is no dent, they're done."
10091,11,"Cool and frost, decorate with colored sugars and  colored frosting.."
10091,12,"Note:  If you like crisp cookies, roll the dough thinner."
10091,13,For more cake-like dough roll thicker and use metal cookie cutters.
10091,14,Originally we used Anise oil to flavor the dough (5 to 6 drops)  in place of the vanilla and almond extracts.
10091,15,But my children prefer the extracts.
10405,0,Preheat oven to 350 degrees F (175 degrees C).
10405,1,"Mix  together cake mix, whipped topping and egg."
10405,2,Drop by teaspoonfuls into bowl of confectioners' sugar and coat.
10405,3,Shape into balls.
10405,4,Bake for 10 to 12 minutes.
10405,5,Do not brown.
10682,0,Cream together butter and sugar.
10682,1,Add eggs and vanilla.
10682,2,mix well.
10682,3,Mix dry ingredients together.
10682,4,Add to egg mixture.
10682,5,Mix well.
10682,6,Add chopped up Babe Ruth Candy bars.
10682,7,Drop by heaping teaspoonful on cookie sheet.
10682,8,Bake at 375 degrees F (190 degrees C) for 12-15 minutes.
10837,0,Melt butter in a small saucepan.
10837,1,Let butter cool and pour into a large mixing bowl.
10837,2,"Add sugars and beat for several minutes, until mixture is creamy."
10837,3,Add eggs and vanilla.
10837,4,"Beat for one minute, or until eggs dissolve into butter mixture."
10837,5,"Combine flour, baking soda, and salt in a separate bowl."
10837,6,"Add butter mixture, stirring well."
10837,7,Add chocolate chips and walnuts if desired.
10837,8,Refrigerate cookie dough for two hours or until firm.
10837,9,Preheat oven to 325 degrees F (165 degrees C).
10837,10,"Drop by two tablespoonfuls of dough, spaced 2 inches apart on the baking sheet."
10837,11,"Bake for 10-12 minutes, or until the cookies are lightly browned and puffed up."
10837,12,Cool on cookie sheet until they are firm enough to put on a wire rack.
10888,0,Sprinkle the sugar on the coconut.
10888,1,Add the cream and mix gently.
10888,2,Take approximately 1/2 tablespoon of dough and roll into balls.
10888,3,Place cinnamon in a plastic bag and shake cookies a few at a time until coated.
10891,0,Preheat oven to 350 degrees F (175 degrees C).
10891,1,Mix together dry ingredients with a whisk.
10891,2,"Cream sugars, shortening, and vanilla."
10891,3,"Add eggs, one at a time."
10891,4,Beat well.
10891,5,Stir in chips.
10891,6,"Gradually add dry mixture, mixing well."
10891,7,Drop by spoonful onto ungreased cookie sheet.
10891,8,Bake for 8 to 10 minutes.
10891,9,Remove from pan to cool.
10891,10,Enjoy!
11058,0,"In a large bowl, cream together the butter, shortening, and vanilla."
11058,1,"Blend in confectioners' sugar, 1 cup at a time, beating well after each addition."
11058,2,"Beat in the milk, and continue mixing until light and fluffy."
11058,3,Keep icing covered until ready to decorate.
11159,0,"In a medium bowl, cream together shortening and sugar until light and fluffy."
11159,1,Beat in eggs one at a time.
11159,2,"Stir in vanilla extract, baking powder, salt, and instant banana pudding mix."
11159,3,Mix in 2 cups flour.
11159,4,Gradually mix in remaining 1/2 cup flour as needed to form a workable dough.
11159,5,"Cover, and chill in the refrigerator at least 2 hours."
11159,6,Preheat oven to 375 degrees F (190 degrees C).
11159,7,Grease baking sheets.
11159,8,"Shape dough into walnut sized balls, and place 2 inches apart on the prepared baking sheets."
11159,9,Flatten balls to a thickness of about 1/4 inch.
11159,10,"Bake 8 to 10 minutes in the preheated oven, or until lightly browned."
11448,0,Preheat oven to 325 degrees F (165 degrees C).
11448,1,"In a large bowl, cream shortening and sugar until light and fluffy."
11448,2,Beat in egg and almond extract.
11448,3,"Stir in flour, baking powder and salt."
11448,4,"When the mixture is creamy, stir in chocolate chips, coconut and cherries."
11448,5,Drop the dough by teaspoonful onto a greased cookie sheet.
11448,6,Bake for 12 to 15 minutes.
11921,0,Cook lasagna in boiling salted water in a large pot until al dente.
11921,1,Drain.
11921,2,"Meanwhile, heat one half tablespoon of olive oil in a Dutch oven over medium heat."
11921,3,"Add the chopped onion, celery, and carrots, stir and cook until onions have softened."
11921,4,"Add mushrooms and garlic and continue to cook until the mushrooms have released their liquid, 2 or 3 minutes."
11921,5,Add wine and cook until most of the liquid has evaporated.
11921,6,"Stir in chopped tomatoes(include liquid), sun-dried tomatoes, and thyme."
11921,7,"Bring to a simmer, then reduce heat to low and simmer until thick."
11921,8,Season with salt and pepper.
11921,9,"To make the white sauce, heat remaining oil in a heavy pan over low heat."
11921,10,"Add flour, whisk constantly until the flour begins to turn a light brown."
11921,11,Remove pan from heat and whisk in cream.
11921,12,Season with nutmeg and a pinch of salt.
11921,13,Remove from heat and set aside.
11921,14,"To assemble, spread 1/2 cup of the mushroom sauce in the bottom of a casserole dish, add one layer of noodles, then another 1/2 cup of mushroom sauce."
11921,15,Arrange a single layer of the fresh spinach leaves over the sauce and drizzle them with 1/3 cup of the white sauce.
11921,16,Sprinkle 2 tablespoons of the grated Parmesan cheese over the spinach and top with another layer of the noodles.
11921,17,Repeat 5 times.
11921,18,In a preheated 375 degree F (190 degrees C) oven bake for 40 minutes.
11921,19,Let stand for 10 to 15 minutes.
11921,20,Serve warm.
12702,0,"In a large skillet over medium high heat, heat the and the garlic."
12702,1,Fry until garlic is golden brown.
12702,2,Add onion and stir-fry for 1 minute.
12702,3,Add squid and cook until they just turn white (do not overcook).
12702,4,"Add the pineapple, celery, fish sauce, sugar and pepper."
12702,5,Stir fry for 2 minutes.
13024,0,"In medium bowl, combine meat, egg, bread crumbs, cheese, basil and onion powder; shape into 3/4 inch balls."
13024,1,"In large saucepan, heat broth to boiling; stir in escarole, orzo pasta, chopped carrot and meatballs."
13024,2,"Return to boil, then reduce heat to medium."
13024,3,"Cook at slow boil for 10 minutes, or until pasta is al dente."
13024,4,Stir frequently to prevent sticking.
13062,0,"In a large pot, melt 1 tablespoon butter or margarine over medium heat: cook and stir vegetables and beef , until beef is brown."
13062,1,Stir in basil and parsley.
13062,2,Add broth and potatoes.
13062,3,"Bring to a boil, then simmer until potatoes are tender, about 10-12 minutes."
13062,4,Melt the remainder of butter and stir in flour.
13062,5,"Add the milk, stirring until smooth."
13062,6,"Gradually add milk mixture to the soup, stirring constantly."
13062,7,Bring to a boil and reduce heat to simmer.
13062,8,Stir in cheese.
13062,9,"When cheese is melted, add sour cream and heat through."
13062,10,Do not boil.
13240,0,In medium skillet lightly fry bacon over medium heat; drain off fat and discard.
13240,1,Add onions to bacon and saute approximately 3 minutes.
13240,2,Do not brown.
13240,3,In a large stock pot add water and bring to boil.
13240,4,"Once boiling add carrots, baby clams (including liquid), clam juice, potatoes, salt and pepper."
13240,5,"Using a food processor or blender, puree tomatoes."
13240,6,Add to stock pot along with bacon-onion mixture and bring to boil.
13240,7,Reduce heat and simmer for 30 minutes or until carrots and potatoes are tender.
13240,8,Do not overcook.
13240,9,Stir in celery and ketchup and cook for another 5 minutes.
13240,10,"Slowly add milk, stirring constantly while bringing  just to boiling."
13240,11,"Finally, add instant potato flakes and cook for 3 minutes."
13240,12,Adjust seasoning to taste.
13240,13,"If soup is not to your desired thickness add more instant potato flakes, about 2 tablespoons at a time."
13240,14,Remove soup from heat and let sit for about 15 minutes before serving.
13764,0,"In a large saucepan, mix together the sugar, cornstarch and 3 cups milk."
13764,1,"If making chocolate, mix in cocoa powder."
13764,2,Bring to a boil and stir frequently until mixture thickens.
13764,3,Whisk together last cup of milk with egg yolks.
13764,4,"As pudding thickens, add egg yolk mixture and stir frequently."
13764,5,Bring to a boil for 1 minute.
13764,6,"Remove from heat, stir in butter and vanilla."
13764,7,Pour into baked pie shells or use as a pudding.
13764,8,Refrigerate until chilled.
13924,0,Rinse barley in a fine sieve.
13924,1,Bring water to a boil in a heavy saucepan.
13924,2,"Stir in the barley, and return to a boil."
13924,3,"Cover, and reduce heat."
13924,4,"Simmer until water is absorbed, about 45 to 50 minutes."
13924,5,Cool to room temperature.
13924,6,"Pour oil into a small skillet, and place over medium heat."
13924,7,"Add onion, and saute until golden brown."
13924,8,"In a serving dish, combine barley, onion, apricots, almonds, and parsley."
13924,9,Toss.
13924,10,"In a small bowl, mix together yogurt, honey, lemon juice, cinnamon, turmeric, salt, and nutmeg."
13924,11,"Pour over the barley mixture ,and toss well to combine."
13924,12,Serve at room temperature.
14176,0,"In a large bowl, combine the tomato, cucumber, red onion, kidney beans, tofu, and basil."
14176,1,"Just before serving, toss with balsamic vinaigrette salad dressing, and season with salt and pepper."
14518,0,"Place the chicken on a plate, and sprinkle with adobo seasoning on both sides."
14518,1,Let it marinate for 15 minutes.
14518,2,Heat grill for medium-high heat.
14518,3,Lightly oil the grill grate.
14518,4,"Place chicken on grill, and cook for 10 minutes per side, or until juices run clear."
14518,5,"Remove chicken from grill, and cut into bite-size pieces."
14518,6,"Place one or two tortillas on the grill, and sprinkle with a thin layer of cheese, chicken, onion, olives, and chiles."
14518,7,"Top with another tortilla, and grill until brown and crispy on both sides, about 3 minutes per side."
14518,8,Repeat with remaining ingredients.
14518,9,Cut into wedges to serve.
14684,0,"Place meat in the bottom of the slow cooker; if necessary, slice meat to make it fit!"
14684,1,"In a medium bowl, mix together mushroom and tomato soup."
14684,2,Pour mixture over beef.
14684,3,Sprinkle dry onion soup mix over top.
14684,4,"Cover, and cook on Low for 8 to 10 hours."
14937,0,"In a medium-size mixing bowl, combine yogurt, cucumbers, dill, green onion and salt."
14937,1,Serve chilled.
15004,0,Preheat oven to 350 degrees F (175 degrees C).
15004,1,"Sift together the flour and baking soda, set aside."
15004,2,"In a large bowl, cream together the butter, brown sugar, and white sugar."
15004,3,Beat in the instant pudding mix until blended.
15004,4,Stir in the eggs and vanilla.
15004,5,Blend in the flour mixture.
15004,6,"Finally, stir in the chocolate chips and nuts."
15004,7,Drop cookies by rounded spoonfuls onto ungreased cookie sheets.
15004,8,Bake for 10 to 12 minutes in the preheated oven.
15004,9,Edges should be golden brown.
15048,0,"In a medium bowl, cream together the butter and brown sugar."
15048,1,Beat in the eggs and mashed banana.
15048,2,"Sift together the flour, baking powder, baking soda, salt, cinnamon, and cloves; blend into the banana mixture."
15048,3,Stir in the nuts.
15048,4,"Cover, and chill for at least 1 hour."
15048,5,Preheat the oven to 375 degrees F (190 degrees C).
15048,6,Lightly grease cookie sheets.
15048,7,Drop dough by rounded teaspoons onto the prepared cookie sheets.
15048,8,"Bake for 8 to 10 minutes in the preheated oven, or until no imprint remains when touched."
15048,9,Cool on wire racks.
15660,0,"In a large bowl, combine daiquiri mix, sweetened condensed milk, and whipped topping."
15660,1,Mix until smooth and creamy.
15660,2,Add thawed strawberries and blend into mixture.
15660,3,Fill pie crusts and refrigerate for approximately 4 hours or freeze until set.
15941,0,Preheat oven to 350 degrees F (175 degrees C).
15941,1,Place sliced apples in a large pot.
15941,2,"Sprinkle with sugar, cinnamon, and nutmeg."
15941,3,"Mix well and cook over low heat, stirring frequently, until apples are tender but not mushy."
15941,4,Pour apple mixture into pastry-lined pie pan.
15941,5,Cover with second pastry shell.
15941,6,Seal edges and cut steam vents in top.
15941,7,"Bake in preheated oven for 30 to 40 minutes, until crust is golden brown."
16390,0,Preheat oven to 325 degrees F (165 degrees C).
16390,1,"In a medium bowl combine eggs, melted butter or margarine, and sugar."
16390,2,Stir in vanilla extract.
16390,3,Set mixture aside.
16390,4,In a separate bowl mix together flour and cocoa powder.
16390,5,Pour egg mixture into flour mixture and stir until thoroughly combined.
16390,6,Fold in chocolate chips if desired.
16390,7,Pour into pastry shell.
16390,8,Bake in preheated oven for 30 to 40 minutes.
16390,9,Serve hot.
16589,0,"To Make Stuffing: Brown sausage in a large skillet over medium high heat; once sausage starts to brown, add mushrooms and saute for 5 minutes, then add green onion and garlic and saute for another 2 minutes."
16589,1,"Remove stuffing mixture from heat, put in a food processor and add 1 tablespoon salad dressing."
16589,2,"Process slowly in processor, roughly chopping."
16589,3,Preheat oven to 375  degrees F (190 degrees C).
16589,4,Cut 2 inch slits in sides of chicken breasts and stuff with as much stuffing as breast will hold.
16589,5,"Season both sides of breasts liberally with Cajun-style seasoning and sear in a hot skillet for 1 to 2 minutes per side, then place in a lightly greased 9x13 inch baking dish."
16589,6,Top with leftover stuffing and remaining 3 tablespoons salad dressing.
16589,7,Bake at 375 degrees F (175 degrees C) for 30 minutes or until chicken is cooked through and juices run clear.
16608,0,Preheat oven to 350 degrees F (175 degrees C).
16608,1,"In a large mixing bowl combine the noodles, chicken meat, soup, 2 cans of the milk and celery."
16608,2,Mix well and spread mixture into the bottom of a 9x13 inch baking dish.
16608,3,Pour the remaining can of milk over all; do not mix in.
16608,4,Then top all  with potato chip crumbs.
16608,5,Bake at 350 degrees F (175 degrees C) for 50 minutes.
16608,6,Serve hot.
16752,0,"Place bacon in a large, deep skillet."
16752,1,Cook over medium high heat until evenly brown.
16752,2,Drain on paper towels.
16752,3,Crumble the bacon into a large mixing bowl.
16752,4,"Stir in mayonnaise, corn syrup, apple cider, black pepper, and onion."
16752,5,Stir until ingredients are well combined.
16752,6,Cover and refrigerate for 6 hours.
16937,0,"Soak the beans in water overnight, rinse well and drain."
16937,1,"In a slow cooker, combine the soaked beans, meat bones, tomatoes, red wine, parsley, paprika, celery seed, bay leaves, seasoned salt, garlic powder, sugar, ground black pepper and crushed red pepper flakes."
16937,2,Add water to cover.
16937,3,"Cook on low setting for 3 to 4 hours, or until beans are tender."
16937,4,Remove the bones and strip and shred any meat from the bones.
16937,5,Discard the bones and return the meat to the slow cooker.
16937,6,Allow to heat through.
17851,0,Preheat oven to 350 degrees F (175 degrees C).
17851,1,Grease and flour a 9x13 inch pan.
17851,2,Pour the cake mix into a large bowl.
17851,3,add the eggs.
17851,4,"Drain the juice from the pineapple into a measuring cup and add water, if necessary, to make 1 1/4 cups."
17851,5,"add the juice to the cake mix, and beat the mixture with an electric mixer until smooth, about 3 minutes."
17851,6,"Fold in the nuts and pineapple, then spread the mixture evenly into the prepared pan."
17851,7,"Bake in the preheated oven for 35 to40 minutes, or until a toothpick inserted into the cake comes out clean."
17851,8,Allow to cool.
18198,0,Preheat oven to 400 degrees F (200 degrees C).
18198,1,"In a medium saucepan, mix together cornstarch, white sugar, salt, and nutmeg."
18198,2,Mix in sour cream.
18198,3,"Add egg yolks, raisins, and lemon juice."
18198,4,Stir until thoroughly combined.
18198,5,"Cook mixture over medium heat, stirring constantly, until mixture thickens and boils."
18198,6,Boil and stir 1 minute.
18198,7,Pour mixture into pastry shell.
18198,8,"In a large glass or metal bowl, beat together egg whites and cream of tartar until foamy."
18198,9,"Add brown sugar 1 tablespoon at a time, continuing to beat until whites are stiff and glossy."
18198,10,Beat in vanilla extract.
18198,11,"Spread evenly over raisin filling, sealing meringue to crust edges."
18198,12,"Bake in preheated oven for 10 minutes, until delicately browned."
18343,0,"In a small saucepan, mix together tomatoes, zucchini, salsa, water, oregano, basil, salt, and pepper."
18343,1,Mix in bell peppers if desired.
18343,2,"Bring to a boil over medium heat, then reduce to a simmer."
18343,3,"Simmer 3 to 4 minutes, stirring frequently."
18473,0,Preheat oven to 400 degrees F (200 degrees C).
18473,1,Grease a 9 inch pie pan.
18473,2,"In a small bowl, mix egg and sugar together."
18473,3,"In a separate bowl, combine salt and flour."
18473,4,Cut in butter.
18473,5,"Stir in egg mixture, then knead dough into a smooth ball."
18473,6,Keep refrigerated for 15 minutes.
18473,7,Roll dough to 1/8 of an inch thickness and place it in pie pan; prick edges with a fork.
18473,8,Bake in oven for 20 minutes.
18473,9,Use with favorite pie recipe.
18913,0,Lightly grease a slow cooker.
18913,1,"In a large bowl, blend sweet potatoes, 1/3 cup butter, white sugar and 2 tablespoons brown sugar."
18913,2,"Beat in orange juice, eggs and milk."
18913,3,Transfer this mixture to the prepared casserole dish.
18913,4,"In a small bowl, combine pecans, 1/3 cup brown sugar, flour and 2 tablespoons butter."
18913,5,Spread the mixture over the sweet potatoes.
18913,6,Cover the slow cooker and cook on HIGH for 3 to 4 hours.
19424,0,Bring a large pot of lightly salted water to a boil.
19424,1,Add pasta and cook for 8 to 10 minutes or until al dente; drain.
19424,2,Preheat oven to 350 degrees F (175 degrees C).
19424,3,"In a medium saucepan, heat soup and milk over medium heat until simmering."
19424,4,Remove from heat and stir in macaroni.
19424,5,Pour macaroni mixture into 9x13 baking dish.
19424,6,"Place a layer of tomatoes, then a layer of cheese slices over macaroni."
19424,7,Repeat.
19424,8,Bake for 25 minutes or until cheese is golden and bubbly.
19489,0,Preheat oven broiler.
19489,1,"Mix together crabmeat, bread crumbs, parsley, salt and pepper."
19489,2,"Beat together egg, mayonnaise, hot sauce and mustard."
19489,3,Combine with other ingredients and mix well.
19489,4,Form into patties and place on a lightly greased broiler pan or baking sheet.
19489,5,"Broil for 10 to 15 minutes, until lightly brown."
19515,0,To make the stuffing: Melt butter or margarine in a large saucepan over a medium-low heat.
19515,1,"Saute onion, celery, and parsley until all of the vegetables are just tender."
19515,2,"Mix in crabmeat, shrimp, and vermouth."
19515,3,"Season with salt, pepper and hot pepper sauce; cook until shrimp is finished cooking (it will be pink)."
19515,4,"Mix in bread crumbs, a little at a time."
19515,5,"When the mixture holds together well, stop adding bread crumbs."
19515,6,"Taste and add more seasoning (salt, pepper, and hot pepper sauce) if necessary."
19515,7,Set this mixture aside to let it cool.
19515,8,Spray a baking sheet with non-stick cooking spray.
19515,9,Roll 1 sheet of puff pastry onto a flat surface.
19515,10,"The puff pastry, once rolled should be about 1/3 to 1/4 inch thick and large enough for you to lay the fish on top of it and still have puff pastry on the sides."
19515,11,Lay one of the fish fillets on top of the puff pastry.
19515,12,Spread the stuffing mixture evenly over the fish fillet.
19515,13,Place the remaining fillet over the stuffing.
19515,14,Trim the pastry around the filets in roughly the shape of a fish.
19515,15,Save the trimmings.
19515,16,Roll second sheet of puff pastry out to about 1/3 to 1/4 inch thick.
19515,17,"Drape second sheet over stuffed fillets, making sure that there is enough of the top sheet to tuck under the bottom sheet of puff pastry."
19515,18,Trim the top sheet of pastry about 1/2 inch larger than the bottom sheet.
19515,19,Brush underside of top pastry sheet with water and tuck under bottom sheet of puff pastry pressing lightly to totally encase the fish and stuffing package.
19515,20,"Place the sealed packet on the prepared baking sheet, and let it cool for 10 to 15 minutes."
19515,21,"While packet is chilling, roll out pastry scraps."
19515,22,"From the scraps cut out fins, an eye and 'lips'."
19515,23,Attach cut-outs to chilled package with a little water.
19515,24,Use an inverted teaspoon to make indentations in puff pastry to resemble fish scales but do not puncture pastry.
19515,25,Chill entire package.
19515,26,"While the package is chilling, preheat the oven to 425 degrees F (220 degrees C)."
19515,27,Remove the fish from the refrigerator and brush the package with the egg yolks.
19515,28,Measure the thickness of the package at its thickest part.
19515,29,"Bake for 15 minutes, then reduce the temperature to 350 degrees F (175 degrees C) and bake the fish for 10 extra minutes per inch of measured thickness."
19515,30,"Test for doneness by inserting a thermometer into the package, when the temperature reaches 140 degrees F (70 degrees C) the fish is finished cooking."
20978,0,"In a large bowl, mix together cider vinegar, salt, cayenne pepper, red pepper flakes, light brown sugar, and hot pepper sauce."
20978,1,Stir until salt and brown sugar have dissolved.
20978,2,"Cover, and let stand at least 3 hours before using as a basting sauce or serving on meat."
21325,0,Preheat oven to 350 degrees F (175 degrees C).
21325,1,"In a mixing bowl, combine sweet onion, drained tuna, mozzarella, and mayonnaise."
21325,2,Mix thoroughly.
21325,3,Spread tuna mixture on slices of French bread to form a sandwich.
21325,4,Place sandwiches on a cookie sheet.
21325,5,Bake in a preheated oven for 10 minutes.
25829,0,Preheat the oven to 375 degrees F (190 degrees C).
25829,1,Grease cookie sheets.
25829,2,"In a large bowl, cream together the butter, shortening, white sugar and brown sugar until light and fluffy."
25829,3,"Beat in the eggs one at a time, then stir in the evaporated milk and vanilla."
25829,4,"Combine the flour, baking powder, baking soda and salt; stir into the sugar mixture."
25829,5,"Mix in the oats, chocolate chips, coconut and pecans."
25829,6,Drop by rounded tablespoonfuls onto the prepared cookie sheets.
25829,7,Cookies should be spaced about 2 inches apart.
25829,8,"Bake for 13 to 15 minutes in the preheated oven, until golden brown."
25829,9,Cool slightly on cookie sheets before removing to wire racks to cool completely.
30115,0,Top pizza crust with cheese.
30115,1,Bake crust according to package directions.
30115,2,"Meanwhile, in a 12-inch skillet, combine the pizza sauce, sausage and pepperoni."
30115,3,"Bring to a simmer, stirring occasionally."
30115,4,Reduce heat to low.
30115,5,Cut pizza crust into squares; arrange over sausage mixture in skillet.
30115,1,Bake crust according to package directions.
30115,2,"Meanwhile, in a 12-inch skillet, combine the pizza sauce, sausage and pepperoni."
30115,3,"Bring to a simmer, stirring occasionally."
30115,4,Reduce heat to low.
30115,5,Cut pizza crust into squares; arrange over sausage mixture in skillet.
32582,0,"In a blender, mix the milk, coffee flavored liqueur, amaretto liqueur, and chocolate flavored syrup."
32582,1,"Mix in ice cream, and gradually blend in the ice."
32582,2,"If mixture is too thin, add more ice cream."
32582,3,"Or if mixture gets too thick, add more milk or liqueur."
32582,4,"Pour into tall glasses, grab 2 straws, and enjoy."
36397,0,"In a small bowl, combine the strawberries and 1/2 cup sugar."
36397,1,Set aside for 1 hour.
36397,2,"Drain, reserving liquid and berries separately."
36397,3,Preheat the oven to 425 degrees F (220 degrees C).
36397,4,"Grease a 12 cup muffin tin, or line with paper liners."
36397,5,"In a medium bowl, cream together the butter and 1/4 cup sugar until light and fluffy."
36397,6,"Beat in the eggs one at a time, then stir in the vanilla."
36397,7,"Combine the flour, baking soda, salt and nutmeg; stir into the creamed mixture alternately with the juice from the berries."
36397,8,Gently stir in the berries.
36397,9,Spoon batter into the prepared muffin cups.
36397,10,"Bake for 18 to 20 minutes in the preheated oven, or until the tops spring back when lightly touched."
36397,11,Cool in the pan on a wire rack.
37403,0,WHISK together first 6 ingredients in a large bowl.
37403,1,CUT yellow squash and zucchini into 3/4 inch slices and bell peppers into 1-inch squares.
37403,2,"Add squash, zucchini, bell peppers, and mushrooms to oil mixture."
37403,3,"Let stand 1 hour, tossing occasionally."
37403,4,"DRAIN vegetables, discarding marinade, and thread alternately onto skewers."
37403,5,"GRILL, covered with grill lid, over medium-hot coals (350 to 400 degrees) 5 to 7 minutes on each side or until tender."
38931,0,PREHEAT oven to 350 degrees F.  Grease 13 x 9-inch baking pan.
38931,1,"COMBINE flour, baking powder, cinnamon and nutmeg in medium bowl."
38931,2,Beat granulated sugar and butter in large mixer bowl until creamy.
38931,3,Beat in eggs and vanilla extract until smooth.
38931,4,Alternately beat in flour mixture and evaporated milk.
38931,5,Stir in apples and nuts.
38931,6,Spread batter into prepared baking pan.
38931,7,BAKE for 40 to 45 minutes or until wooden pick inserted in center comes out clean.
38931,8,Cool in pan on wire rack for 20 minutes.
38931,9,Cut into bars.
38931,10,Sprinkle with powdered sugar before serving.
42486,0,Flatten the chicken to 3/8-in.
42486,1,thickness; sprinkle with Cajun seasoning.
42486,2,"In a skillet, cook chicken in oil for 5 minutes on each side or until juices run clear."
42486,3,Place cheese over chicken.
42486,4,Remove from the heat; cover and let stand for 1 minute or until cheese begins to melt.
42486,5,Spread dressing over both halves of rolls.
42486,6,"Layer bottom halves with two slices of tomato, chicken and two strips of bacon; replace tops."
42679,1,Bake crust according to package directions.
42679,2,"Meanwhile, in a 12-inch skillet, combine the pizza sauce, sausage and pepperoni."
42679,3,"Bring to a simmer, stirring occasionally."
42679,4,Reduce heat to low.
42679,5,Cut pizza crust into squares; arrange over sausage mixture in skillet.
44359,1,Bake crust according to package directions.
44359,2,"Meanwhile, in a 12-inch skillet, combine the pizza sauce, sausage and pepperoni."
44359,3,"Bring to a simmer, stirring occasionally."
44359,4,Reduce heat to low.
44359,5,Cut pizza crust into squares; arrange over sausage mixture in skillet.
45268,1,Bake crust according to package directions.
45268,2,"Meanwhile, in a 12-inch skillet, combine the pizza sauce, sausage and pepperoni."
45268,3,"Bring to a simmer, stirring occasionally."
45268,4,Reduce heat to low.
45268,5,Cut pizza crust into squares; arrange over sausage mixture in skillet.
45464,1,Bake crust according to package directions.
45464,2,"Meanwhile, in a 12-inch skillet, combine the pizza sauce, sausage and pepperoni."
45464,3,"Bring to a simmer, stirring occasionally."
45464,4,Reduce heat to low.
45464,5,Cut pizza crust into squares; arrange over sausage mixture in skillet.
47236,1,Bake crust according to package directions.
47236,2,"Meanwhile, in a 12-inch skillet, combine the pizza sauce, sausage and pepperoni."
47236,3,"Bring to a simmer, stirring occasionally."
47236,4,Reduce heat to low.
47236,5,Cut pizza crust into squares; arrange over sausage mixture in skillet.
48833,1,Bake crust according to package directions.
48833,2,"Meanwhile, in a 12-inch skillet, combine the pizza sauce, sausage and pepperoni."
48833,3,"Bring to a simmer, stirring occasionally."
48833,4,Reduce heat to low.
48833,5,Cut pizza crust into squares; arrange over sausage mixture in skillet.
49248,1,Bake crust according to package directions.
49248,2,"Meanwhile, in a 12-inch skillet, combine the pizza sauce, sausage and pepperoni."
49248,3,"Bring to a simmer, stirring occasionally."
49248,4,Reduce heat to low.
49248,5,Cut pizza crust into squares; arrange over sausage mixture in skillet.
49586,1,Bake crust according to package directions.
49586,2,"Meanwhile, in a 12-inch skillet, combine the pizza sauce, sausage and pepperoni."
49586,3,"Bring to a simmer, stirring occasionally."
49586,4,Reduce heat to low.
49586,5,Cut pizza crust into squares; arrange over sausage mixture in skillet.
150861,0,"Pour Bulleit Bourbon(TM), apple schnapps, and sweet vermouth into a cocktail shaker filled with ice."
150861,1,Shake with ice and strain into a martini glass.
150861,2,Add a sprinkle of nutmeg.
151127,0,Preheat oven to 325 degrees F.\n                             Melt the butter in a large skillet over high heat.
151127,1,"Add pecans and saute until lightly browned, about 3 minutes."
151127,2,"Add the SPLENDA(R) Sugar Blend for Baking and cook until caramelized, about 3-5 minutes, stirring constantly."
151127,3,"Stir in the paprika, chili powder and cumin."
151127,4,Add the vinegar and cook until all the liquid has evaporated; season with salt(optional).
151127,5,"Spread the pecans on a cookie sheet and bake in the oven until crisp, about 3 minutes."
151200,0,"In a large skillet, cook sausage and onion over medium-high heat, stirring frequently until meat is thoroughly cooked and no longer pink."
151200,1,Stir in banana peppers and jalapeno peppers; cover and cook 1-1/2 minutes.
151200,2,"Reduce heat to medium, stir in cream cheese and chopped tomato; cook uncovered until heated through (about 5 minutes)."
151200,3,Fold in red pepper; add optional ingredients if desired.
151200,4,"Serve warm in a chafing dish, with chips or crackers for dipping."
151200,5,Garnish with additional diced tomato and cilantro or green onion if desired.
153223,1,Bake crust according to package directions.
153223,2,"Meanwhile, in a 12-inch skillet, combine the pizza sauce, sausage and pepperoni."
153223,3,"Bring to a simmer, stirring occasionally."
153223,4,Reduce heat to low.
153223,5,Cut pizza crust into squares; arrange over sausage mixture in skillet.
153399,1,Bake crust according to package directions.
153399,2,"Meanwhile, in a 12-inch skillet, combine the pizza sauce, sausage and pepperoni."
153399,3,"Bring to a simmer, stirring occasionally."
153399,4,Reduce heat to low.
153399,5,Cut pizza crust into squares; arrange over sausage mixture in skillet.
155182,0,"Stir together the molasses, honey, shortening, and margarine in a saucepan over medium heat; cook and stir until creamy."
155182,1,Remove from heat and allow to cool to room temperature.
155182,2,Stir in the eggs.
155182,3,"Combine the flour, white sugar, brown sugar, cardamom, nutmeg, cloves, ginger, anise, cinnamon, baking soda, pepper, and salt in a large bowl."
155182,4,Add the molasses mixture and stir until thoroughly combines.
155182,5,Refrigerate at least 2 hours.
155182,6,Preheat oven to 325 degrees F (165 degrees C).
155182,7,Roll the dough into acorn-sized balls.
155182,8,"Arrange on baking sheets, spacing at least 1 inch apart."
155182,9,Bake in preheated oven 10 to 15 minutes.
155182,10,Move to a rack to cool.
155182,11,Dust cooled cookies with confectioners' sugar.
156205,1,Bake crust according to package directions.
156205,2,"Meanwhile, in a 12-inch skillet, combine the pizza sauce, sausage and pepperoni."
156205,3,"Bring to a simmer, stirring occasionally."
156205,4,Reduce heat to low.
156205,5,Cut pizza crust into squares; arrange over sausage mixture in skillet.
156791,0,"Mix the black-eyed peas, jalapeno peppers, pimentos, mushrooms, celery, onion, and olive oil together in a bowl."
156791,1,Season to taste with salt and pepper.
157066,1,Bake crust according to package directions.
157066,2,"Meanwhile, in a 12-inch skillet, combine the pizza sauce, sausage and pepperoni."
157066,3,"Bring to a simmer, stirring occasionally."
157066,4,Reduce heat to low.
157066,5,Cut pizza crust into squares; arrange over sausage mixture in skillet.
159391,0,"Place escargots in a small bowl, and cover with cold water; set aside for 5 minutes."
159391,1,This will help to remove the canned flavor they may have.
159391,2,Preheat oven to 350 degrees F (175 degrees C).
159391,3,Lightly grease an 8x8 inch baking dish.
159391,4,Drain the water from the escargots and pat dry with a paper towel.
159391,5,Melt butter with the garlic in a large skillet over medium-high heat.
159391,6,"Add the escargots and mushroom caps; cook and stir until the mushroom caps begin to soften, about 5 minutes."
159391,7,"Whisk together wine, cream, flour, pepper, and tarragon in a small bowl until the flour is no longer lumpy."
159391,8,"Pour this into the skillet, and bring to a boil."
159391,9,"Cook, stirring occasionally until the sauce thickens, about 10 minutes."
159391,10,"Remove the skillet from the heat, and use a spoon to place the mushrooms upside down into the prepared baking dish."
159391,11,Spoon an escargot into each mushroom cap.
159391,12,Pour the remaining sauce over the mushroom caps and into the baking dish.
159391,13,Sprinkle grated Parmesan cheese overtop.
159391,14,"Bake in preheated oven until the Parmesan cheese has turned golden brown, 10 to 15 minutes."
160139,0,"Heat oven to 400 degrees F.  In large bowl stir Simply Potatoes(R), chicken, mixed vegetables, gravy, salt and pepper until well blended."
160139,1,Divide mixture evenly into each frozen pie crust.
160139,2,"Top each with refrigerated pie crust, trimming edges to fit."
160139,3,Pinch edges of both frozen and refrigerated pie crusts together to seal.
160139,4,Cut 4 to 5 slits into top of each pie for ventilation.
160139,5,"Bake 50 to 55 minutes or until heated through, covering edges of crust if excessive browning occurs."
160139,6,Let stand 5 minutes before serving.
161968,0,Melt 2 tablespoons butter in a 6-quart pot.
161968,1,Add mushrooms and onion.
161968,2,Cook over medium-high heat 5 minutes.
161968,3,Add brown and wild rice only.
161968,4,"Continue to cook, stirring often, 2 minutes or until bottom of pot starts to brown."
161968,5,Stir in broth and white cooking wine.
161968,6,Increase heat to high; cover and bring to a boil.
161968,7,Reduce heat to low.
161968,8,"Simmer, covered, 30 minutes."
161968,9,Stir in white rice and carrots.
161968,10,Cover and continue to simmer 20 minutes more or until liquid is absorbed.
161968,11,Stir in thyme and remaining 2 tablespoons butter.
161968,12,Serve immediately or keep warm until ready to serve.
162706,1,Bake crust according to package directions.
162706,2,"Meanwhile, in a 12-inch skillet, combine the pizza sauce, sausage and pepperoni."
162706,3,"Bring to a simmer, stirring occasionally."
162706,4,Reduce heat to low.
162706,5,Cut pizza crust into squares; arrange over sausage mixture in skillet.
163048,0,"Mix together the ground lamb, onion, egg, dill, cilantro, salt, cumin, turmeric, cinnamon, and pepper in a bowl until evenly incorporated."
163048,1,Heat the olive oil in a skillet over medium-high heat.
163048,2,"Crumble the lamb mixture into the skillet and cook until no longer pink, 5 to 10 minutes."
163048,3,Add the carrots to the mixture; reduce heat to medium.
163048,4,Pour in the contents of the 2 cans of beans and the water; stir.
163048,5,Simmer mixture 25 minutes.
163048,6,"Stir the sour cream through the mixture; cook until the liquid thickens, 5 to 10 minutes."
164484,0,"Pour the rum, lime juice, grenadine, and simple syrup into a cocktail shaker over ice."
164484,1,"Cover, and shake until the outside of the shaker has frosted."
164484,2,Strain into clean test tubes or shot glasses to serve.
164572,0,Preheat an oven to 325 degrees F (165 degrees C).
164572,1,Grease and flour a 9 inch tube pan.
164572,2,"Mix apples, 5 tablespoons sugar, and 2 tablespoons ground cinnamon in a bowl and set aside."
164572,3,Beat the oil and 2 cups of sugar with an electric mixer in a large bowl.
164572,4,"Add the room-temperature eggs one at a time, allowing each egg to blend into the sugar mixture before adding the next."
164572,5,Beat in the vanilla and 1/4 cup of orange juice with the last egg.
164572,6,"Combine the flour, baking powder, and salt in a small bowl and stir into the sugar mixture; mixing until just incorporated."
164572,7,Pour half of the batter into the prepared tube pan.
164572,8,"Layer the apple mixture on top, then pour the remaining batter over the apples."
164572,9,"Bake in the preheated oven until a toothpick inserted into the center comes out clean, about 1 hour and 25 minutes."
164572,10,Allow cake to cool completely in the pan before removing.
164572,11,"To make glaze: Combine butter, 1/3 cup of orange juice, and 2/3 cup of sugar in a bowl."
164572,12,Pour over the warm cake while still in the pan.
165637,1,Bake crust according to package directions.
165637,2,"Meanwhile, in a 12-inch skillet, combine the pizza sauce, sausage and pepperoni."
165637,3,"Bring to a simmer, stirring occasionally."
165637,4,Reduce heat to low.
165637,5,Cut pizza crust into squares; arrange over sausage mixture in skillet.
165843,0,Heat the olive oil in a large pot over medium-high heat until it begins to smoke.
165843,1,"Season the beef with salt and pepper, then gently place into the hot oil, and brown on all sides, about 8 minutes."
165843,2,"Once browned, remove the beef and set aside, reserving the remaining oil in the pot."
165843,3,"Stir in the celery, carrot, onion, garlic, cilantro, and oregano; cook and stir until the onion has softened and turned translucent, about 8 minutes more."
165843,4,"Pour in the chicken broth, tomatoes, and browned beef."
165843,5,"Bring to a boil over high heat, then reduce heat to medium-low, cover, and simmer until the meat is beginning to turn tender, about 1 hour."
165843,6,"After the soup has simmered 1 hour, add the lentils, recover, and continue simmering until the lentils are tender, about 40 minutes."
165843,7,"Season to taste with salt and pepper, then stir in the parsley."
165843,8,Sprinkle with Parmesan cheese to serve.
165947,0,Stir gelatin and boiling water in medium bowl until completely dissolved.
165947,1,Pour into 8-inch square pan.
165947,2,"Refrigerate until firm, about 3 hours."
165947,3,Dip bottom of pan in warm water for 15 seconds to loosen gelatin.
165947,4,Cut gelatin into 1-inch cubes.
165947,5,Place gelatin in large bowl.
165947,6,Add fruit and toss gently.
165947,7,"Serve at once, or cover and refrigerate up to 2 hours."
166209,1,Bake crust according to package directions.
166209,2,"Meanwhile, in a 12-inch skillet, combine the pizza sauce, sausage and pepperoni."
166209,3,"Bring to a simmer, stirring occasionally."
166209,4,Reduce heat to low.
166209,5,Cut pizza crust into squares; arrange over sausage mixture in skillet.
167042,0,"Place the chicken leg quarters in a large pot, and fill with enough water to cover by 1 inch."
167042,1,"Bring to a boil, then reduce heat to medium-low, cover, and simmer 40 minutes."
167042,2,Remove the legs and allow to cool.
167042,3,Strain and return the cooking liquid to the pot.
167042,4,Once the legs have cooled.
167042,5,"Remove and discard the skin and bones; chop the meat, and set aside."
167042,6,Stir the brown rice into the reserved chicken broth and bring to a boil.
167042,7,"Reduce heat to medium-low, cover, and simmer until the rice is tender, 45 to 50 minutes."
167042,8,"Drain off any excess liquid, and add the rice to the bowl with the chicken."
167042,9,"Heat a large skillet over medium-high heat, and add the ground beef."
167042,10,"Cook and stir until the beef is crumbly and no longer pink, about 7 minutes."
167042,11,"Pour off any excess grease, and place the beef into the bowl."
167042,12,"Stir in the oats, spinach, broccoli, kidney beans, carrots, cottage cheese, and olive oil."
167042,13,Store the dog food in resealable containers in the freezer.
167042,14,Thaw the daily portions overnight in the refrigerator.
167222,1,Bake crust according to package directions.
167222,2,"Meanwhile, in a 12-inch skillet, combine the pizza sauce, sausage and pepperoni."
167222,3,"Bring to a simmer, stirring occasionally."
167222,4,Reduce heat to low.
167222,5,Cut pizza crust into squares; arrange over sausage mixture in skillet.
167538,0,"Toast oregano in a small dry skillet over medium-high heat until fragrant, about 30 to 40 seconds."
167538,1,Transfer to a saucer to cool.
167538,2,Combine 1 teaspoon toasted oregano with 1/4 cup onion and set aside.
167538,3,Combine the remaining onion with 1/4 cup broth and salt.
167538,4,"Cover and cook over medium heat until the onion is translucent, about 3 minutes."
167538,5,Add garlic and cook for 1 minute.
167538,6,Add the remaining 1 teaspoon oregano and ground chile (or chili powder) and cook for 1 minute.
167538,7,"Add hominy and the remaining 3 1/4 cups broth, bring to a simmer and cook for 5 minutes."
167538,8,"Add black beans and chicken, return to a simmer and cook until the chicken is no longer pink in the center, about 5 minutes."
167538,9,"Serve in bowls, garnished with shredded cabbage, the reserved onion-oregano mixture and a squeeze of lime juice."
167767,0,Sprinkle cottage cheese with spice blend.
167767,1,Dip cucumbers into the cottage cheese.
169097,0,Preheat oven to 450 degrees F (230 degrees C).
169097,1,Grease rimmed baking sheet with non-stick cooking spray.
169097,2,"Combine brown sugar, cumin, cardamom, coriander, ginger, salt, and cayenne pepper in a bowl and mix well."
169097,3,"Arrange chicken breasts in a single layer on the prepared baking sheet, skin sides up."
169097,4,Pat spice blend on chicken.
169097,5,"Bake chicken in preheated oven until meat is no longer pink inside, about 25 minutes."
169097,6,"While chicken is cooking, combine balsamic vinegar, peach preserves, chicken broth, and orange juice in a small saucepan."
169097,7,Bring to a boil over medium heat.
169097,8,"Simmer, stirring occasionally, until mixture is thickened and reduced to about 1 cup, about 10 minutes."
169097,9,Remove baking sheet from oven.
169097,10,Place peach slices around chicken and pour sauce over the top.
169097,11,"Bake until glaze caramelizes on chicken and peaches and an instant-read thermometer inserted in the thickest part of a chicken breast, not touching bone, reads 165 degrees F (75 degrees C), an additional 10 minutes."
170362,1,Bake crust according to package directions.
170362,2,"Meanwhile, in a 12-inch skillet, combine the pizza sauce, sausage and pepperoni."
170362,3,"Bring to a simmer, stirring occasionally."
170362,4,Reduce heat to low.
170362,5,Cut pizza crust into squares; arrange over sausage mixture in skillet.
171312,0,"Prepare a gas or charcoal grill for direct, medium-high heat (you can hold your hand 1 to 2 inches above the cooking grate only 3 to 4 seconds; visit Safeway.com for complete instructions)."
171312,1,"While grill heats, cut pineapple crosswise into 1/2-inch-thick slices; cut out the core from each slice and discard."
171312,2,"In a small bowl, mix brown sugar and lime juice; brush onto both sides of pineapple slices with a pastry brush."
171312,3,Lay pineapple slices on oiled cooking grate; cover gas grill.
171312,4,"Cook, turning once with a wide spatula, until pineapple is hot and tinged with brown on both sides, about 8 minutes total."
171312,5,"With spatula, transfer 1 or 2 pineapple slices to each of 4 dessert plates; top with a scoop of ice cream and sprinkle equally with coconut and peanuts, if you like."
171702,1,Bake crust according to package directions.
171702,2,"Meanwhile, in a 12-inch skillet, combine the pizza sauce, sausage and pepperoni."
171702,3,"Bring to a simmer, stirring occasionally."
171702,4,Reduce heat to low.
171702,5,Cut pizza crust into squares; arrange over sausage mixture in skillet.
171917,0,"In the top of a double boiler, combine rice, sugar, milk, and cinnamon."
171917,1,"Stirring constantly, cook over lightly simmering water for 1 1/2 hours."
171917,2,"Meanwhile, preheat oven to 300 degrees F (150 degrees C)."
171917,3,"Spread coconut evenly over a cookie sheet; bake for 5 minutes, or until just beginning to turn golden brown."
171917,4,"Stir vanilla into rice pudding, and remove pan from heat."
171917,5,"Divide into bowls, and top with toasted coconut."
171917,6,"Serve warm, or chill if desired."
172503,0,Heat oven to 350 degrees F. Spray bottom only of 13x9-inch pan with cooking spray.
172503,1,"In large bowl, stir cookie base ingredients until soft dough forms."
172503,2,Press dough in bottom of pan.
172503,3,Bake 12 to 15 minutes or until light golden brown.
172503,4,"Cool completely, about 30 minutes."
172503,5,"In large bowl, beat all filling ingredients except powdered sugar with electric mixer on medium speed until creamy and smooth."
172503,6,Gradually beat in powdered sugar until well blended (filling will be thick).
172503,7,Press filling over cookie base.
172503,8,Refrigerate while preparing caramel layer.
172503,9,"In 2-quart saucepan, heat caramels and 2 tablespoons water over low heat, stirring constantly, until caramels are melted."
172503,10,Stir in peanuts.
172503,11,Spread evenly over filling.
172503,12,Refrigerate about 15 minutes or until caramel layer is firm.
172503,13,"In small microwavable bowl, microwave chocolate chips uncovered on High 1 to 2 minutes, stirring once, until melted."
172503,14,Spread evenly over caramel layer.
172503,15,Refrigerate about 1 hour or until chocolate is set.
172503,16,"For bars, cut into 9 rows by 4 rows."
172503,17,Store covered at room temperature.
172891,0,"In a medium saucepan, melt butter; add brown sugar and stir constantly until sugar is dissolved."
172891,1,"Remove from heat, stir in almond butter and salt and mix well."
172891,2,Pour over popcorn and toss to coat evenly.
172891,3,"Toss in with almonds, if using."
174628,1,Bake crust according to package directions.
174628,2,"Meanwhile, in a 12-inch skillet, combine the pizza sauce, sausage and pepperoni."
174628,3,"Bring to a simmer, stirring occasionally."
174628,4,Reduce heat to low.
174628,5,Cut pizza crust into squares; arrange over sausage mixture in skillet.
175027,1,Bake crust according to package directions.
175027,2,"Meanwhile, in a 12-inch skillet, combine the pizza sauce, sausage and pepperoni."
175027,3,"Bring to a simmer, stirring occasionally."
175027,4,Reduce heat to low.
175027,5,Cut pizza crust into squares; arrange over sausage mixture in skillet.
175619,1,Bake crust according to package directions.
175619,2,"Meanwhile, in a 12-inch skillet, combine the pizza sauce, sausage and pepperoni."
175619,3,"Bring to a simmer, stirring occasionally."
175619,4,Reduce heat to low.
175619,5,Cut pizza crust into squares; arrange over sausage mixture in skillet.
177535,0,Preheat the oven to 400 degrees F for the bread.
177535,1,Heat the oil in a 12-inch skillet over medium heat.
177535,2,Add the garlic and cook until it's golden brown.
177535,3,Remove the garlic from the skillet and reserve.
177535,4,"Add the sausage and cook until it's well browned, stirring often."
177535,5,Stir the sauce in the skillet and heat to a boil.
177535,6,"Stir in the garlic, peas and cream."
177535,7,Reduce the heat to low.
177535,8,Cook and stir for 5 minutes or until the mixture is hot and bubbling.
177535,9,Cook the tortellini according to the package directions.
177535,10,Drain the tortellini well in a colander.
177535,11,"Meanwhile, bake the bread according to the package directions."
177535,12,Stir the tortellini in the skillet.
177535,13,Sprinkle with the cheese.
177535,14,Cut the bread into 2-inch diagonal slices.
177535,15,Serve the bread with the tortellini.
178498,0,Place the mushrooms in the bottom of a slow cooker; set the roast atop the mushrooms; sprinkle the onion soup mix over the beef and pour the beer over everything; season with black pepper.
178498,1,Set slow cooker to LOW; cook 9 to 10 hours until the meat is easily pulled apart with a fork.
179513,1,Bake crust according to package directions.
179513,2,"Meanwhile, in a 12-inch skillet, combine the pizza sauce, sausage and pepperoni."
179513,3,"Bring to a simmer, stirring occasionally."
179513,4,Reduce heat to low.
179513,5,Cut pizza crust into squares; arrange over sausage mixture in skillet.
179706,0,Preheat an oven to 350 degrees F (175 degrees C).
179706,1,"Stir the mushrooms with juice, beef consomme, water, rice, and onion together in a glass baking dish with a lid."
179706,2,Arrange the butter atop the rice.
179706,3,Season with the garlic powder.
179706,4,Cover with lid.
179706,5,Bake in the preheated oven for 1 hour.
179706,6,"Sprinkle the Parmesan cheese over the top and return to the oven until the cheese melts slightly, about 5 minutes."
179711,0,Preheat oven to 350 degrees F. Lightly grease an 8x8x2-inch baking pan and set aside.
179711,1,"In a large bowl, break the cookie dough into chunks."
179711,2,Knead in the oats.
179711,3,Press two-thirds of the mixture into the pan.
179711,4,Bake for 12 to 15 minutes or until crust is set.
179711,5,"In another bowl, beat cream cheese and sugar until smooth."
179711,6,Stir in egg and vanilla.
179711,7,Carefully spread cream cheese mixture evenly over the crust.
179711,8,Top with LUCKY LEAF Cherry Pie Filling.
179711,9,Dot with the remaining cookie dough.
179711,10,Bake for 20 to 25 minutes or until set and lightly browned.
179711,11,"Cool completely, cover, and chill for 2 hours before serving."
180498,0,Blend marshmallow creme and cream cheese until smooth.
180498,1,"Cover and refrigerate until chilled, about 2 hours."
181187,0,Preheat oven to 425 degrees F.  Pour dressing into 8- or 9-inch square baking dish; top with fish.
181187,1,Pour tomatoes and green chilies over fish; sprinkle with cheese.
181187,2,Bake 10 min.
181187,3,or until fish flakes easily with fork.
181198,0,Place chicken in slow cooker.
181198,1,"Combine salsa, onions and curry powder; pour over chicken."
181198,2,Cover with lid.
181198,3,Cook on LOW for 8 to 10 hours (or on HIGH for 5 hours).
181198,4,Remove chicken to serving platter; cover to keep warm.
181198,5,Add sour cream to slow cooker; stir until well blended.
181198,6,Serve over the chicken.
181207,0,Place drink mix in large bowl.
181207,1,Add hot water; stir until drink mix is completely dissolved.
181207,2,Add cream cheese; beat with electric mixer on medium speed until well blended.
181207,3,Gently stir in whipped topping with wire whisk.
181207,4,Remove 1/2 tsp.
181207,5,of the cream cheese mixture for later use; set remaining cream cheese mixture aside.
181207,6,Crush 3 of the cookies; place cookie crumbs in shallow dish.
181207,7,Set aside.
181207,8,Cut cake lengthwise in half.
181207,9,Frost cake top with some of the remaining cream cheese mixture.
181207,10,Dip in cookie crumbs until evenly coated; set aside.
181207,11,Place cake bottom on serving platter; frost top and sides with some of the remaining cream cheese mixture.
181207,12,Place cake top next to cake bottom to resemble coffin lid.
181207,13,Frost sides  and cut side of cake top with remaining cream cheese mixture.
181207,14,Place remaining cookie in center of cake bottom to resemble a body.
181207,15,Line up two rows of 3 mini marshmallows each at bottom of 'body' to resemble legs.
181207,16,Place 2 miniature marshmallows on sides of 'body' to resemble arms.
181207,17,Place large marshmallow at top of 'body' to resemble head.
181207,18,Using reserved 1/2 tsp.
181207,19,"cream cheese mixture, attach 2 miniature marshmallows to sides of 'head' to resemble ears."
181207,20,Use decorating gel to draw mouth and eyes.
181207,21,Top cake with fruit snacks.
182059,0,"Preheat oven to 425 degrees F. Combine the first 4 ingredients, and set aside."
182059,1,Separate the 2 soups in separate bowls and add 1/2 soup can of water to each; stir these well and set aside.
182059,2,Place 1/3 of the stuffing mixture into a lightly greased 9x13-inch baking dish.
182059,3,Layer 1/2 of the chicken or turkey and pour the celery soup over this.
182059,4,"Layer another 1/3 of the stuffing mixture, followed by the remaining chicken or turkey."
182059,5,"Pour the chicken soup over the casserole, and top with the remaining stuffing mixture."
182059,6,Drizzle with butter and pack the mixture firmly into the dish.
182059,7,Bake 20 to 30 minutes.
185109,0,Cut Morningstar Farms(R) Maple Flavored Veggie Sausage Patties into quarters.
185109,1,Set aside.
185109,2,"In 12-inch nonstick skillet cook potatoes in hot oil, uncovered, over medium-high heat for 6 minutes without stirring."
185109,3,Stir in onions and bell pepper.
185109,4,Sprinkle with garlic salt.
185109,5,"Continue cooking for 5 to 8 minutes more or until potatoes are browned, stirring occasionally."
185109,6,Reduce heat to medium.
185109,7,Stir in veggie patties and cranberries.
185109,8,Drizzle with broth.
185109,9,Cover.
185109,10,Continue cooking for 2 to 3 minutes more or until heated through.
185109,11,Remove cover.
185109,12,Cook 1 minute more or until moisture evaporates.
185109,13,Remove from heat.
185109,14,Place cheese slices on top (if desired).
185109,15,Cover.
185109,16,Let stand for 1 to 2 minutes or until cheese melts
186162,1,Bake crust according to package directions.
186162,2,"Meanwhile, in a 12-inch skillet, combine the pizza sauce, sausage and pepperoni."
186162,3,"Bring to a simmer, stirring occasionally."
186162,4,Reduce heat to low.
186162,5,Cut pizza crust into squares; arrange over sausage mixture in skillet.
186898,1,Bake crust according to package directions.
186898,2,"Meanwhile, in a 12-inch skillet, combine the pizza sauce, sausage and pepperoni."
186898,3,"Bring to a simmer, stirring occasionally."
186898,4,Reduce heat to low.
186898,5,Cut pizza crust into squares; arrange over sausage mixture in skillet.
187094,0,"Mix eggs, chorizo and mayo until well blended."
187094,1,Season with salt and pepper.
187094,2,Spread about 1-1/2 teaspoons of the egg mixture onto each cracker just before serving.
187483,1,Bake crust according to package directions.
187483,2,"Meanwhile, in a 12-inch skillet, combine the pizza sauce, sausage and pepperoni."
187483,3,"Bring to a simmer, stirring occasionally."
187483,4,Reduce heat to low.
187483,5,Cut pizza crust into squares; arrange over sausage mixture in skillet.
189245,1,Bake crust according to package directions.
189245,2,"Meanwhile, in a 12-inch skillet, combine the pizza sauce, sausage and pepperoni."
189245,3,"Bring to a simmer, stirring occasionally."
189245,4,Reduce heat to low.
189245,5,Cut pizza crust into squares; arrange over sausage mixture in skillet.
189346,1,Bake crust according to package directions.
189346,2,"Meanwhile, in a 12-inch skillet, combine the pizza sauce, sausage and pepperoni."
189346,3,"Bring to a simmer, stirring occasionally."
189346,4,Reduce heat to low.
189346,5,Cut pizza crust into squares; arrange over sausage mixture in skillet.
189750,0,"In a large bowl, stir together mayonnaise, sour cream, lemon juice, sugar, onion, dill, and salt."
189750,1,Stir in shrimp.
189750,2,"Cover and refrigerate overnight, stirring once."
189750,3,Serve with frilly toothpicks.
191940,1,Bake crust according to package directions.
191940,2,"Meanwhile, in a 12-inch skillet, combine the pizza sauce, sausage and pepperoni."
191940,3,"Bring to a simmer, stirring occasionally."
191940,4,Reduce heat to low.
191940,5,Cut pizza crust into squares; arrange over sausage mixture in skillet.
193096,0,Rinse and dry the Romaine lettuce and cut or tear into bite-sized pieces.
193096,1,Place into a large bowl.
193096,2,"Add in the sliced and diced vegetables, as well as dressing to taste."
193096,3,Toss gently and serve.
193465,1,Bake crust according to package directions.
193465,2,"Meanwhile, in a 12-inch skillet, combine the pizza sauce, sausage and pepperoni."
193465,3,"Bring to a simmer, stirring occasionally."
193465,4,Reduce heat to low.
193465,5,Cut pizza crust into squares; arrange over sausage mixture in skillet.
193733,0,"Heat oven to 350 degrees F. Heat mashed potatoes, soup, 1 cup cheese and garlic powder in saucepan over medium heat."
193733,1,Stir until cheese melts.
193733,2,Spoon potato mixture into 2-quart baking dish.
193733,3,Top with 1/2 cup cheese and French Fried Onions.
193733,4,Bake 5 minutes at 350 degrees F or until hot and until onions are golden.
193831,0,Heat oven to 400 degrees F. Brown meat with onions in large skillet on medium-high heat; drain.
193831,1,"Add salsa, beans, dressing and seasoning mix; mix well."
193831,2,"Arrange 3 tortillas in single layer on bottom of 13x9-inch baking dish; cover with layers of 1/2 each of the meat mixture, sour cream and cheese."
193831,3,Repeat all layers.
193831,4,Cover with foil.
193831,5,"Bake, covered, 30 minutes."
193831,6,Remove foil.
193831,7,Bake an additional 10 minutes or until casserole is heated through and cheese is melted.
193831,8,Let stand 5 minutes before cutting to serve.
194518,1,Bake crust according to package directions.
194518,2,"Meanwhile, in a 12-inch skillet, combine the pizza sauce, sausage and pepperoni."
194518,3,"Bring to a simmer, stirring occasionally."
194518,4,Reduce heat to low.
194518,5,Cut pizza crust into squares; arrange over sausage mixture in skillet.
194575,1,Bake crust according to package directions.
194575,2,"Meanwhile, in a 12-inch skillet, combine the pizza sauce, sausage and pepperoni."
194575,3,"Bring to a simmer, stirring occasionally."
194575,4,Reduce heat to low.
194575,5,Cut pizza crust into squares; arrange over sausage mixture in skillet.
196348,1,Bake crust according to package directions.
196348,2,"Meanwhile, in a 12-inch skillet, combine the pizza sauce, sausage and pepperoni."
196348,3,"Bring to a simmer, stirring occasionally."
196348,4,Reduce heat to low.
196348,5,Cut pizza crust into squares; arrange over sausage mixture in skillet.
